GO
USE REAL_ESTATES;
 
INSERT INTO agents (agent_pname, agent_lname, agent_address, agent_contact, agent_email, agent_type, username, password)
VALUES 
	('Гинка', 'Каравълчанова', 'Девин', '0331 111231', 'gincheto@abv-bg', 1, 'gincheto', '161162173'),
	('Стоян', 'Стоянов', 'Кърджали', '0331 111230', 'tqnata@abv-bg', 1, 'tqnata', '161162172'),
	('Димитрия', 'Иванова', 'Ямбол', '0331 111229', 'mitko@abv-bg', 0, 'mitko', '161162171'),
	('Галя', 'Гълъбова', 'Велико Търново', '0331 111228', 'galq@abv-bg', 1, 'galq', '161162170'),
	('Петя', 'Дубарова', 'Бургас', '0331 111227', 'petq@abv-bg', 0, 'petq', '161162169'),
	('Григор', 'Димитров', 'Казанлък', '0331 111226', 'grisho@abv-bg', 1, 'grisho', '161162168'),
	('Тодор', 'Тодоров', 'София', '0331 111225', 'tosho@abv-bg', 0, 'tosho', '161162167'),
	('Георги', 'Георгиев', 'Бургас', '0331 111224', 'gosho@abv-bg', 1, 'gosho', '161162166'),
	('Иван', 'Иванов', 'Бургас', '0331 111223', 'ivo@abv-bg', 1, 'ivo', '161162165'),
	('Петър', 'Петров', 'Пловдив', '0331 111222', 'pesho@abv-bg', 0, 'pesho', '161162164');
 
SELECT * FROM agents;
 
INSERT INTO clients (client_pname, client_lname, client_address, client_contact, client_email, username, password)
VALUES 
	('Васко', 'Кеца', 'Плевен', '0485 111231', 'vasko@abv-bg','vasko', '171162173'),
	('Лили', 'Иванова', 'Сандански', '0485 111230', 'lili@abv-bg','lili', '171162172'),
	('Михаела', 'Филева', 'Елхово', '0485 111229', 'misha@abv-bg','misha', '171162171'),
	('Стоянка', 'Мутафова', 'Варна', '0485 111228', 'tqnka@abv-bg','tqnka', '171162170'),
	('Михаела', 'Маринова', 'Бургас', '0485 111227', 'mihaela@abv-bg', 'mihaela', '171162169'),
	('Емил', 'Тодооров', 'Добрич', '0485 111226', 'emo@abv-bg',  'emo', '171162168'),
	('Лидия', 'Стаматов', 'Видин', '0485 111225', 'lidka@abv-bg', 'lidka', '171162167'),
	('Теодора', 'Кацарова', 'София', '0485 111224', 'tedka@abv-bg', 'tedka', '171162166'),
	('Иван', 'Кирков', 'Стара Загора', '0485 111223', 'ivancho@abv-bg', 'ivancho', '171162165'),
	('Любомира', 'Петрова', 'Пловдив', '0485 111222', 'bomi@abv-bg', 'bomi', '171162164');
		('Петър', 'Петров', 'Пловдив', '0331 111222', 'pesho@abv-bg', 0, 'pesho', '161162164');
 
SELECT * FROM clients;
 
INSERT INTO locations (city, description, population, url, sea_nearby, mountin_nearby)
VALUES 
	('Бургас', 'Як град!', 300000, 'снимка_1-png', 1,1),	
	('Пловдив', 'Град с богата култура!', 200000, 'снимка_2-png', 0, 1),
	('Стара Загора', 'Град с обществена баня!', 100000, 'снимка_3-png', 0,1),
	('Казанлък', 'Градът на розата!', 50000, 'снимка_1-png', 0,1),
	('Кърджали', 'Град със средна големина!', 10000, 'снимка_1-png', 0,0),
	('Сандански', 'Далечен град!', 20000, 'снимка_1-png', 0,1),
	('Девин', 'Планински град!', 15000, 'снимка_1-png', 0,1),
	('София', 'Голям град!', 1000000, 'снимка_1-png', 0,1),
	('Варна', 'Морски град!', 300000, 'снимка_1-png', 1,0),
	('Ямбол', 'Само Ямбол!', 40000, 'снимка_1-png', 1,0);
 
SELECT * FROM locations;
 
INSERT INTO comment_statuses (comment_status_id, comment_status)
VALUES 
	(111, 'одобрен'),
	(112, 'одобрен'),
	(113, 'одобрен'),
	(114, 'одобрен'),
	(115, 'неодобрен- обиден'),
	(116, 'неодобрен- обиден'),
	(117, 'неодобрен- обиден'),
	(118, 'неодобрен- заблуждаващ'),
	(119, 'неодобрен- заблуждаващ'),
	(120, 'неодобрен- заблуждаващ');
 
SELECT * FROM comment_statuses;
 
INSERT INTO property_types (property_type_id, property_type_name)
VALUES 
	(25361, 'Къща'),
	(25362, 'Къща'),
	(25360, 'Апартамент'),
	(25363, 'Мезонет'),
	(25364, 'Мезонет'),
	(25365, 'Студио'),
	(25366, 'Апартамент'),
	(25367, 'Студио'),
	(25368, 'Апартамент'),
	(25369, 'Мезонет');
 
SELECT * FROM property_types;
 
INSERT INTO appointments (client_id, agent_id, appointment_date, appointment_description, appointment_status)
VALUES 
	(500, 10, '2023-06-14 14:00:00', 'Оглед на къща.', 0),
	(503, 10, '2024-03-14 10:15:00', 'Оглед на студио.', 1),
	(506, 13, '2024-04-01 17:00:00', 'Оглед на апартамент.', 1),
	(502, 18, '2023-07-14 16:00:00', 'Оглед на къща.', NULL),
	(504, 14, '2023-06-14 12:00:00', 'Оглед на студио.', 0),
	(502, 11, '2023-06-14 11:30:00', 'Оглед на апартамент.', 0),
	(503, 17, '2023-01-11 10:00:00', 'Оглед на мезонет.', NULL),
	(505, 17, '2023-10-21 09:30:00', 'Оглед на студио.', 0),
	(503, 16, '2023-11-22 14:00:00', 'Оглед на мезонет.', NULL),
	(500, 12, '2023-12-15 13:00:00', 'Оглед на апартамент.', 0);
 
	SELECT * FROM appointments;
 
INSERT INTO properties (property_type_id, city, agent_id, property_name, desription, property_living_areas, property_floor, property_year_build, property_garage, property_price, property_status)
VALUES 
	('25369', 'Кърджали', 13, 'Двустаен апартамент', 'Обширен двустаен апартамент в центъра на Кърджали!', 180, 2, 2003, 0, 250000, 1),
	('25366', 'Девин', 14, 'Обзаведено студио', 'Студио в центъра на Девин! Подходящо за отдване под наем. На разположение тераса с прекрасен изглед!', 100, 6, 2019, 1, 500000, NULL),
	('25365', 'Сандански', 16, 'Семеен тристаен апартамент', 'Обширен тристаен апартамент в близост до центъра на Сандански! Спокойно може да се използва за семеен дом. В близост до супермаркет и детска градина.', 250, 7, 2010, 1, 380000, 0),
	('25364', 'Бургас', 15, 'Къща в Меден рудник', 'Двуетажна къща в ж.кв. Меден рудник гр.Бургас! В близостт до хранителен магазин и спирка за автобус. Разполага с двор 50 кв.м.', 300, 2, 2000, 1, 600000, 1);
	('25362', 'Бургас', 12, 'Синята къща', 'Готина къща до морето!', 150, 2, 2000, 1, 250000, 1),
	('25364', 'Варна', 18, 'Обширен тристаен апартамент', 'Обширен тристаен апартамент в центъра на Варна!', 200, 5, 2020, 1, 500000, 1),
	('25367', 'София', 10, 'Мезонет в центъра на София', 'Уютен имот, подходящ за отдаване под наем центъра на София!', 150, 3, 2010, 0, 200000, NULL),
	('25361', 'Ямбол', 16, 'Апартамент с тераса', 'Двустаен апартамент с тераса в близост до училище!', 100, 3, 2007, 0, 150000, 0),
	('25363', 'Казанлък', 11, 'Едноетажна къща', 'Едноеташна къща в квартал "Свобода". Разполага с двор 20 кв.м. ', 200, 1, 2001, 1, 300000, 1),
	('25368', 'Пловдив', 12, 'Студио', 'Студио в жилищен квартал "Тракия"!', 80, 5, 2022, 0, 100000, 0);
 
 
INSERT INTO comments (property_id, client_id, comment_status_id, comment_date, comment_content)
VALUES 
	('701', '502', '113', '2023-12-18 14:10:08', 'Прекрасен обект! Препоръчвам брокера!'),
	('707', '500', '111', '2023-06-15 13:40:48', 'Има ли училище в близост?'),
	('700', '501', '119', '2023-05-19 11:30:23', 'Подходящ е за гледане на животни.'),
	('702', '503', '114', '2023-11-18 10:25:36', 'Не ми харсват тапетите!'),
	('703', '504', '118', '2023-10-14 09:16:10', 'Обектът не съвпада с описанието!'),
	('705', '505', '117', '2023-01-17 03:39:06', 'Не препоръчвам закупуване през този брокер!'),
	('706', '506', '113', '2023-06-06 09:21:07', 'Има ли място за голям диван в хола?'),
	('700', '505', '120', '2023-08-09 18:31:35', 'Днес бяхме на оглед. Има ужасно много мухъл в банята!'),
	('704', '503', '118', '2023-09-01 20:18:33', 'Прекрасен обект! Наскоро ремонтиран'),
	('702', '507', '114', '2023-03-26 21:11:57', 'Прекрасен обект! Бяхме 2 месеца под наем там и препоръчваме!');
 
INSERT INTO images (property_id, image_name, image_path)
VALUES 
	('707', 'image8', 'https://artcafe.bg/wp-content/uploads/2015/09/257.jpg'),
	('708', 'image9', 'https://www.alo.bg/user_files/r/rio-imoti/9379398_128505040_big.jpg'),
	('709', 'image10', 'https://static.bulgarianproperties.com/property-images/medium1/1669018940B41273_2.jpg'),
	('700', 'image1', 'https://fashioninside.bg/wp-content/uploads/2016/06/13239048_10205945010613666_8900915764795819818_n-e1465417249571.jpg'),
	('701', 'image2', 'https://d32swnnyen7sbd.cloudfront.net/projects/0001/45/b0a46d0be9c60760ca0315670871fe79c800efd7.jpeg'),
	('702', 'image3', 'https://cdnp.ues.bg/articles/origin_thumbs_1200/979/184948.jpg'),
	('703', 'image4', 'https://static4.superimoti.bg/property-images/big/105142_7.jpg'),
	('704', 'image5', 'https://evtindom.eu/images/Statii/%D1%81%D1%82%D0%B0%D1%82%D0%B8%D1%8F15/5.jpg'),
	('705', 'image6', 'https://www.blog.imotidoverie.bg/wp-content/uploads/2014/05/studio_pic1.jpg'),
	('706', 'image7', 'https://interior.plans.bg/uploads/2st04.png');
 
	SELECT * FROM properties;	
	SELECT * FROM comments;	
