GO
USE REAL_ESTATES;

INSERT INTO agents (agent_pname, agent_lname, agent_address, agent_contact, agent_email, agent_type, username, password)
VALUES 
	('Гинка', 'Каравълчанова', 'Девин', '0331 111231', 'gincheto@abv-bg', 1, 'gincheto', '161162173'),
	('Стоян', 'Стоянов', 'Кърджали', '0331 111230', 'tqnata@abv-bg', 1, 'tqnata', '161162172'),
	('Димитрия', 'Иванова', 'Ямбол', '0331 111229', 'mitko@abv-bg', 0, 'mitko', '161162171'),
	('Галя', 'Гълъбова', 'Велико Търново', '0331 111228', 'galq@abv-bg', 1, 'galq', '161162170'),
	('Петя', 'Дубарова', 'Бургас', '0331 111227', 'petq@abv-bg', 0, 'petq', '161162169'),
	('Григор', 'Димитров', 'Казанлък', '0331 111226', 'grisho@abv-bg', 1, 'grisho', '161162168'),
	('Тодор', 'Тодоров', 'София', '0331 111225', 'tosho@abv-bg', 0, 'tosho', '161162167'),
	('Георги', 'Георгиев', 'Бургас', '0331 111224', 'gosho@abv-bg', 1, 'gosho', '161162166'),
	('Иван', 'Иванов', 'Бургас', '0331 111223', 'ivo@abv-bg', 1, 'ivo', '161162165'),
	('Петър', 'Петров', 'Пловдив', '0331 111222', 'pesho@abv-bg', 0, 'pesho', '161162164');

SELECT * FROM agents;

INSERT INTO clients (client_pname, client_lname, client_address, client_contact, client_email, username, password)
VALUES 
	('Васко', 'Кеца', 'Плевен', '0485 111231', 'vasko@abv-bg','vasko', '171162173'),
	('Лили', 'Иванова', 'Сандански', '0485 111230', 'lili@abv-bg','lili', '171162172'),
	('Михаела', 'Филева', 'Елхово', '0485 111229', 'misha@abv-bg','misha', '171162171'),
	('Стоянка', 'Мутафова', 'Варна', '0485 111228', 'tqnka@abv-bg','tqnka', '171162170'),
	('Михаела', 'Маринова', 'Бургас', '0485 111227', 'mihaela@abv-bg', 'mihaela', '171162169'),
	('Емил', 'Тодооров', 'Добрич', '0485 111226', 'emo@abv-bg',  'emo', '171162168'),
	('Лидия', 'Стаматов', 'Видин', '0485 111225', 'lidka@abv-bg', 'lidka', '171162167'),
	('Теодора', 'Кацарова', 'София', '0485 111224', 'tedka@abv-bg', 'tedka', '171162166'),
	('Иван', 'Кирков', 'Стара Загора', '0485 111223', 'ivancho@abv-bg', 'ivancho', '171162165'),
	('Любомира', 'Петрова', 'Пловдив', '0485 111222', 'bomi@abv-bg', 'bomi', '171162164');
		('Петър', 'Петров', 'Пловдив', '0331 111222', 'pesho@abv-bg', 0, 'pesho', '161162164');

SELECT * FROM clients;

INSERT INTO locations (city, description, population, url, sea_nearby, mountin_nearby)
VALUES 
	('Бургас', 'Як град!', 300000, 'снимка_1-png', 1,1),	
	('Пловдив', 'Град с богата култура!', 200000, 'снимка_2-png', 0, 1),
	('Стара Загора', 'Град с обществена баня!', 100000, 'снимка_3-png', 0,1),
	('Казанлък', 'Градът на розата!', 50000, 'снимка_1-png', 0,1),
	('Кърджали', 'Град със средна големина!', 10000, 'снимка_1-png', 0,0),
	('Сандански', 'Далечен град!', 20000, 'снимка_1-png', 0,1),
	('Девин', 'Планински град!', 15000, 'снимка_1-png', 0,1),
	('София', 'Голям град!', 1000000, 'снимка_1-png', 0,1),
	('Варна', 'Морски град!', 300000, 'снимка_1-png', 1,0),
	('Ямбол', 'Само Ямбол!', 40000, 'снимка_1-png', 1,0);
	
SELECT * FROM locations;

INSERT INTO comment_statuses (comment_status_id, comment_status)
VALUES 
	(111, 'одобрен'),
	(112, 'одобрен'),
	(113, 'одобрен'),
	(114, 'одобрен'),
	(115, 'неодобрен- обиден'),
	(116, 'неодобрен- обиден'),
	(117, 'неодобрен- обиден'),
	(118, 'неодобрен- заблуждаващ'),
	(119, 'неодобрен- заблуждаващ'),
	(120, 'неодобрен- заблуждаващ');
		
SELECT * FROM comment_statuses;

INSERT INTO property_types (property_type_id, property_type_name)
VALUES 
	(25361, 'Къща'),
	(25362, 'Къща'),
	(25360, 'Апартамент'),
	(25363, 'Мезонет'),
	(25364, 'Мезонет'),
	(25365, 'Студио'),
	(25366, 'Апартамент'),
	(25367, 'Студио'),
	(25368, 'Апартамент'),
	(25369, 'Мезонет');
	
SELECT * FROM property_types;

INSERT INTO appointments (client_id, agent_id, appointment_date, appointment_description, appointment_status)
VALUES 
	(500, 10, '2023-06-14 14:00:00', 'Оглед на къща.', 0),
	(503, 10, '2024-03-14 10:15:00', 'Оглед на студио.', 1),
	(506, 13, '2024-04-01 17:00:00', 'Оглед на апартамент.', 1),
	(502, 18, '2023-07-14 16:00:00', 'Оглед на къща.', NULL),
	(504, 14, '2023-06-14 12:00:00', 'Оглед на студио.', 0),
	(502, 11, '2023-06-14 11:30:00', 'Оглед на апартамент.', 0),
	(503, 17, '2023-01-11 10:00:00', 'Оглед на мезонет.', NULL),
	(505, 17, '2023-10-21 09:30:00', 'Оглед на студио.', 0),
	(503, 16, '2023-11-22 14:00:00', 'Оглед на мезонет.', NULL),
	(500, 12, '2023-12-15 13:00:00', 'Оглед на апартамент.', 0);

	SELECT * FROM appointments;
	
INSERT INTO properties (property_type_id, city, agent_id, property_name, desription, property_living_areas, property_floor, property_year_build, property_garage, property_price, property_status)
VALUES 
	('25362', 'Бургас', 12, 'Синята къща', 'Готина къща до морето!', 150, 2, 2000, 1, 250000, 1),
	('25364', 'Варна', 18, 'Обширен тристаен апартамент', 'Обширен тристаен апартамент в центъра на Варна!', 200, 5, 2020, 1, 500000, 1),
	('25367', 'София', 10, 'Мезонет в центъра на София', 'Уютен имот, подходящ за отдаване под наем центъра на София!', 150, 3, 2010, 0, 200000, NULL),
	('25361', 'Ямбол', 16, 'Апартамент с тераса', 'Двустаен апартамент с тераса в близост до училище!', 100, 3, 2007, 0, 150000, 0),
	('25363', 'Казанлък', 11, 'Едноетажна къща', 'Едноеташна къща в квартал "Свобода". Разполага с двор 20 кв.м. ', 200, 1, 2001, 1, 300000, 1),
	('25368', 'Пловдив', 12, 'Студио', 'Студио в жилищен квартал "Тракия"!', 80, 5, 2022, 0, 100000, 0),
	-- изпълнено до тук
	('25369', 'Кърджали', 13, 'Двустаен апартамент', 'Обширен тристаен апартамент в центъра на Варна!', 200, 5, 2020, 1, 500000, 1),
	('25366', 'Девин', 14, 'Обширен тристаен апартамент', 'Обширен тристаен апартамент в центъра на Варна!', 200, 5, 2020, 1, 500000, 1),
	('25365', 'Сандански', 16, 'Обширен тристаен апартамент', 'Обширен тристаен апартамент в центъра на Варна!', 200, 5, 2020, 1, 500000, 1),
	('25364', 'Бургас', 15, 'Обширен тристаен апартамент', 'Обширен тристаен апартамент в центъра на Варна!', 200, 5, 2020, 1, 500000, 1);

	
	SELECT * FROM property_types;	
	SELECT * FROM locations;	
	SELECT * FROM agents;	SELECT * FROM properties;